Startup ID,Startup Idea,Industry,Detected Business Model,Target Market,NLP Confidence Score,Market Potential,Competition Density,Scalability,Funding Attractiveness,Risk Level,Innovation Score,Market Saturation,Execution Complexity,Total Feasibility Score,Overall Risk Verdict,Market Risk,Competition Risk,Operational Risk,Funding Risk,Top Competitors,Market Crowdedness,Competitive Pressure Score,5-Year Survival Probability (%),Strengths,Weaknesses,Recommendations
VL-001,A subscription juice delivery platform for health-conscious urban consumers.,Food & Beverage,Subscription,General Consumers,80,12,18,17,11,12,12,18,14,114,Low,High,High,Moderate,Moderate,"Zomato, Swiggy, Uber Eats",High,18,47,Balanced risk structure,High CAC pressure from competition | Saturated market — differentiation critical,Build strong niche positioning strategy
VL-002,An AI-powered snack recommendation engine for fitness enthusiasts.,Food & Beverage,Product Sales,General Consumers,80,12,18,13,11,16,12,18,18,118,Medium,High,High,High,Moderate,"Zomato, Swiggy, Uber Eats",High,18,48.6,Balanced risk structure,High CAC pressure from competition | Saturated market — differentiation critical | High operational complexity,Build strong niche positioning strategy | Start with lean MVP to minimize burn
VL-003,A marketplace connecting local restaurants with corporate lunch programs.,Food & Beverage,Marketplace,General Consumers,80,12,18,17,11,12,12,18,16,116,Low,High,High,High,Moderate,"Zomato, Swiggy, Uber Eats",High,18,47.8,Balanced risk structure,High CAC pressure from competition | Saturated market — differentiation critical,Build strong niche positioning strategy
VL-004,A beverage brand with monthly subscription boxes for premium health drinks.,Food & Beverage,Subscription,General Consumers,80,12,18,17,11,12,12,18,14,114,Low,High,High,Moderate,Moderate,"Zomato, Swiggy, Uber Eats",High,18,47,Balanced risk structure,High CAC pressure from competition | Saturated market — differentiation critical,Build strong niche positioning strategy
VL-005,A food tech platform that reduces restaurant waste through dynamic pricing.,Food & Beverage,SaaS,General Consumers,80,12,18,20,11,9,12,18,12,112,Low,High,High,Low,Moderate,"Zomato, Swiggy, Uber Eats",High,18,46.1,Strong scalability potential,High CAC pressure from competition | Saturated market — differentiation critical,Invest in product-led growth & reduce churn | Build strong niche positioning strategy
VL-006,A B2B service helping small restaurants optimize their supply chain.,Food & Beverage,B2B Services,General Consumers,80,12,18,12,11,17,12,18,14,114,High,High,High,Moderate,Moderate,"Zomato, Swiggy, Uber Eats",High,18,47,Balanced risk structure,High CAC pressure from competition | Saturated market — differentiation critical,Build strong niche positioning strategy | Start with lean MVP to minimize burn
VL-007,A platform selling organic snack products directly to enterprises.,Food & Beverage,SaaS,Enterprises,100,12,18,20,11,9,12,18,12,112,Low,High,High,Low,Moderate,"Zomato, Swiggy, Uber Eats",High,18,46.1,Strong scalability potential,High CAC pressure from competition | Saturated market — differentiation critical,Invest in product-led growth & reduce churn | Build strong niche positioning strategy
VL-008,A freemium meal planning app with premium upgrade for dietitian access.,Food & Beverage,Freemium,General Consumers,80,12,18,12,11,17,12,18,14,114,High,High,High,Moderate,Moderate,"Zomato, Swiggy, Uber Eats",High,18,47,Balanced risk structure,High CAC pressure from competition | Saturated market — differentiation critical,Build strong niche positioning strategy | Start with lean MVP to minimize burn
VL-009,A marketplace connecting home chefs with local food lovers.,Food & Beverage,Marketplace,General Consumers,80,12,18,17,11,12,12,18,16,116,Low,High,High,High,Moderate,"Zomato, Swiggy, Uber Eats",High,18,47.8,Balanced risk structure,High CAC pressure from competition | Saturated market — differentiation critical,Build strong niche positioning strategy
VL-010,A subscription-based premium coffee delivery service.,Food & Beverage,Subscription,General Consumers,80,12,18,17,11,12,12,18,14,114,Low,High,High,Moderate,Moderate,"Zomato, Swiggy, Uber Eats",High,18,47,Balanced risk structure,High CAC pressure from competition | Saturated market — differentiation critical,Build strong niche positioning strategy
VL-011,A payment gateway tailored for small businesses in emerging markets.,FinTech,B2B Services,Small Businesses,100,20,14,12,18,15,16,14,14,123,Medium,Low,Manageable,Moderate,Low,"Stripe, PayPal, Razorpay",High,18,50.7,High investor interest potential,No major structural weaknesses at early stage,Leverage innovation narrative for fundraising | Start with lean MVP to minimize burn
VL-012,A SaaS platform for automated crypto portfolio rebalancing.,FinTech,SaaS,Small Businesses,100,20,14,20,18,7,16,14,12,121,Low,Low,Manageable,Low,Low,"Stripe, PayPal, Razorpay",High,18,49.8,Strong scalability potential | High investor interest potential,No major structural weaknesses at early stage,Invest in product-led growth & reduce churn | Leverage innovation narrative for fundraising
VL-013,A subscription-based loan management tool for rural microfinance.,FinTech,Subscription,Rural Population,100,20,14,17,18,10,16,14,14,123,Low,Low,Manageable,Moderate,Low,"Stripe, PayPal, Razorpay",High,18,50.7,High investor interest potential,No major structural weaknesses at early stage,Leverage innovation narrative for fundraising
VL-014,A B2B service providing real-time banking reconciliation for enterprises.,FinTech,B2B Services,Enterprises,100,20,14,12,18,15,16,14,14,123,Medium,Low,Manageable,Moderate,Low,"Stripe, PayPal, Razorpay",High,18,50.7,High investor interest potential,No major structural weaknesses at early stage,Leverage innovation narrative for fundraising | Start with lean MVP to minimize burn
VL-015,A freemium budgeting app with premium financial coaching upgrades.,FinTech,Freemium,Enterprises,100,20,14,12,18,15,16,14,14,123,Medium,Low,Manageable,Moderate,Low,"Stripe, PayPal, Razorpay",High,18,50.7,High investor interest potential,No major structural weaknesses at early stage,Leverage innovation narrative for fundraising | Start with lean MVP to minimize burn
VL-016,A marketplace connecting angel investors with seed-stage startups.,FinTech,Marketplace,Small Businesses,100,20,14,17,18,10,16,14,16,125,Low,Low,Manageable,High,Low,"Stripe, PayPal, Razorpay",High,18,51.5,High investor interest potential,No major structural weaknesses at early stage,Leverage innovation narrative for fundraising
VL-017,A product brand selling prepaid finance cards for Gen Z users.,FinTech,Product Sales,Gen Z,100,20,14,13,18,14,16,14,18,127,Medium,Low,Manageable,High,Low,"Stripe, PayPal, Razorpay",High,18,52.3,High investor interest potential,High operational complexity,Leverage innovation narrative for fundraising
VL-018,A SaaS tool for automated tax compliance for freelancers.,FinTech,SaaS,Small Businesses,100,20,14,20,18,7,16,14,12,121,Low,Low,Manageable,Low,Low,"Stripe, PayPal, Razorpay",High,18,49.8,Strong scalability potential | High investor interest potential,No major structural weaknesses at early stage,Invest in product-led growth & reduce churn | Leverage innovation narrative for fundraising
VL-019,A subscription platform offering AI-driven savings recommendations.,FinTech,Subscription,Enterprises,100,20,14,17,18,10,16,14,14,123,Low,Low,Manageable,Moderate,Low,"Stripe, PayPal, Razorpay",High,18,50.7,High investor interest potential,No major structural weaknesses at early stage,Leverage innovation narrative for fundraising
VL-020,A B2B payment orchestration layer for multi-currency e-commerce.,FinTech,B2B Services,Small Businesses,100,20,14,12,18,15,16,14,14,123,Medium,Low,Manageable,Moderate,Low,"Stripe, PayPal, Razorpay",High,18,50.7,High investor interest potential,No major structural weaknesses at early stage,Leverage innovation narrative for fundraising | Start with lean MVP to minimize burn
VL-021,A subscription learning platform for students preparing for competitive exams.,EdTech,Subscription,Students,100,16,14,17,16,10,12,10,14,109,Low,Medium,Manageable,Moderate,Moderate,"Coursera, Udemy, Byju's",Medium,14,44.9,Balanced risk structure,No major structural weaknesses at early stage,Focus on customer validation & traction building
VL-022,A marketplace connecting tutors with students for personalized learning.,EdTech,Marketplace,Students,100,16,14,17,16,10,12,10,16,111,Low,Medium,Manageable,High,Moderate,"Coursera, Udemy, Byju's",Medium,14,45.7,Balanced risk structure,No major structural weaknesses at early stage,Focus on customer validation & traction building
VL-023,A SaaS tool for schools to manage student performance analytics.,EdTech,SaaS,Students,100,16,14,20,16,7,12,10,12,107,Low,Medium,Manageable,Low,Moderate,"Coursera, Udemy, Byju's",Medium,14,44.1,Strong scalability potential,No major structural weaknesses at early stage,Invest in product-led growth & reduce churn
VL-024,A freemium coding bootcamp with premium certification upgrades.,EdTech,Freemium,Gen Z,100,16,14,12,16,15,12,10,14,109,Medium,Medium,Manageable,Moderate,Moderate,"Coursera, Udemy, Byju's",Medium,14,44.9,Balanced risk structure,No major structural weaknesses at early stage,Start with lean MVP to minimize burn
VL-025,A B2B service providing corporate upskilling programs for enterprises.,EdTech,B2B Services,Enterprises,100,16,14,12,16,15,12,10,14,109,Medium,Medium,Manageable,Moderate,Moderate,"Coursera, Udemy, Byju's",Medium,14,44.9,Balanced risk structure,No major structural weaknesses at early stage,Start with lean MVP to minimize burn
VL-026,A product brand selling tactile learning kits for rural children.,EdTech,Product Sales,Rural Population,100,16,14,13,16,14,12,10,18,113,Medium,Medium,Manageable,High,Moderate,"Coursera, Udemy, Byju's",Medium,14,46.5,Balanced risk structure,High operational complexity,Focus on customer validation & traction building
VL-027,A subscription platform offering micro-courses for Gen Z creators.,EdTech,Subscription,Gen Z,100,16,14,17,16,10,12,10,14,109,Low,Medium,Manageable,Moderate,Moderate,"Coursera, Udemy, Byju's",Medium,14,44.9,Balanced risk structure,No major structural weaknesses at early stage,Focus on customer validation & traction building
VL-028,A marketplace for educators to sell and distribute online courses.,EdTech,Marketplace,Gen Z,100,16,14,17,16,10,12,10,16,111,Low,Medium,Manageable,High,Moderate,"Coursera, Udemy, Byju's",Medium,14,45.7,Balanced risk structure,No major structural weaknesses at early stage,Focus on customer validation & traction building
VL-029,A SaaS platform for managing EdTech content delivery pipelines.,EdTech,SaaS,Students,100,16,14,20,16,7,12,10,12,107,Low,Medium,Manageable,Low,Moderate,"Coursera, Udemy, Byju's",Medium,14,44.1,Strong scalability potential,No major structural weaknesses at early stage,Invest in product-led growth & reduce churn
VL-030,A freemium language learning app targeting small business owners.,EdTech,Freemium,Gen Z,100,16,14,12,16,15,12,10,14,109,Medium,Medium,Manageable,Moderate,Moderate,"Coursera, Udemy, Byju's",Medium,14,44.9,Balanced risk structure,No major structural weaknesses at early stage,Start with lean MVP to minimize burn
VL-031,A SaaS platform for hospitals to manage patient appointment scheduling.,HealthTech,SaaS,Healthcare Providers,100,20,10,20,18,5,16,10,12,111,Low,Low,Manageable,Low,Low,"Practo, Teladoc, Zocdoc",Medium,14,45.7,Strong scalability potential | High investor interest potential,No major structural weaknesses at early stage,Invest in product-led growth & reduce churn
VL-032,A subscription fitness coaching app powered by AI and biometrics.,HealthTech,Subscription,General Consumers,80,20,10,17,18,8,16,10,14,113,Low,Low,Manageable,Moderate,Low,"Practo, Teladoc, Zocdoc",Medium,14,46.5,High investor interest potential,No major structural weaknesses at early stage,Focus on customer validation & traction building
VL-033,A B2B service providing telehealth infrastructure for rural clinics.,HealthTech,B2B Services,Rural Population,100,20,10,12,18,13,16,10,14,113,Medium,Low,Manageable,Moderate,Low,"Practo, Teladoc, Zocdoc",Medium,14,46.5,High investor interest potential,No major structural weaknesses at early stage,Focus on customer validation & traction building
VL-034,A marketplace connecting freelance doctors with urban health consumers.,HealthTech,Marketplace,Healthcare Providers,100,20,10,17,18,8,16,10,16,115,Low,Low,Manageable,High,Low,"Practo, Teladoc, Zocdoc",Medium,14,47.4,High investor interest potential,No major structural weaknesses at early stage,Focus on customer validation & traction building
VL-035,A freemium mental health app with premium therapy session upgrades.,HealthTech,Freemium,General Consumers,80,20,10,12,18,13,16,10,14,113,Medium,Low,Manageable,Moderate,Low,"Practo, Teladoc, Zocdoc",Medium,14,46.5,High investor interest potential,No major structural weaknesses at early stage,Focus on customer validation & traction building
VL-036,A product brand selling wearable medical devices for chronic patients.,HealthTech,Product Sales,General Consumers,80,20,10,13,18,12,16,10,18,117,Low,Low,Manageable,High,Low,"Practo, Teladoc, Zocdoc",Medium,14,48.2,High investor interest potential,High operational complexity,Focus on customer validation & traction building
VL-037,A subscription service delivering personalized medication reminders.,HealthTech,Subscription,Healthcare Providers,100,20,10,17,18,8,16,10,14,113,Low,Low,Manageable,Moderate,Low,"Practo, Teladoc, Zocdoc",Medium,14,46.5,High investor interest potential,No major structural weaknesses at early stage,Focus on customer validation & traction building
VL-038,A SaaS analytics tool for hospital operational efficiency.,HealthTech,SaaS,General Consumers,80,20,10,20,18,5,16,10,12,111,Low,Low,Manageable,Low,Low,"Practo, Teladoc, Zocdoc",Medium,14,45.7,Strong scalability potential | High investor interest potential,No major structural weaknesses at early stage,Invest in product-led growth & reduce churn
VL-039,A marketplace for medical equipment leasing between hospitals.,HealthTech,Marketplace,General Consumers,80,20,10,17,18,8,16,10,16,115,Low,Low,Manageable,High,Low,"Practo, Teladoc, Zocdoc",Medium,14,47.4,High investor interest potential,No major structural weaknesses at early stage,Focus on customer validation & traction building
VL-040,A B2B platform offering employee wellness programs for enterprises.,HealthTech,SaaS,Enterprises,100,20,10,20,18,5,16,10,12,111,Low,Low,Manageable,Low,Low,"Practo, Teladoc, Zocdoc",Medium,14,45.7,Strong scalability potential | High investor interest potential,No major structural weaknesses at early stage,Invest in product-led growth & reduce churn
VL-041,A marketplace platform for handcrafted local artisan products.,E-commerce,Marketplace,General Consumers,80,16,18,17,11,12,12,18,16,120,Low,High,High,High,Moderate,"Amazon, Shopify, Flipkart",High,18,49.4,Balanced risk structure,High CAC pressure from competition | Saturated market — differentiation critical,Build strong niche positioning strategy
VL-042,A SaaS solution for managing multi-channel ecommerce inventory.,E-commerce,SaaS,General Consumers,80,16,18,20,11,9,12,18,12,116,Low,High,High,Low,Moderate,"Amazon, Shopify, Flipkart",High,18,47.8,Strong scalability potential,High CAC pressure from competition | Saturated market — differentiation critical,Invest in product-led growth & reduce churn | Build strong niche positioning strategy
VL-043,A subscription box service for curated lifestyle products.,E-commerce,Subscription,General Consumers,80,16,18,17,11,12,12,18,14,118,Low,High,High,Moderate,Moderate,"Amazon, Shopify, Flipkart",High,18,48.6,Balanced risk structure,High CAC pressure from competition | Saturated market — differentiation critical,Build strong niche positioning strategy
VL-044,A freemium sell products platform for micro-entrepreneurs.,E-commerce,SaaS,General Consumers,80,16,18,20,11,9,12,18,12,116,Low,High,High,Low,Moderate,"Amazon, Shopify, Flipkart",High,18,47.8,Strong scalability potential,High CAC pressure from competition | Saturated market — differentiation critical,Invest in product-led growth & reduce churn | Build strong niche positioning strategy
VL-045,A B2B service enabling brands to build D2C online stores quickly.,E-commerce,B2B Services,General Consumers,80,16,18,12,11,17,12,18,14,118,High,High,High,Moderate,Moderate,"Amazon, Shopify, Flipkart",High,18,48.6,Balanced risk structure,High CAC pressure from competition | Saturated market — differentiation critical,Build strong niche positioning strategy | Start with lean MVP to minimize burn
VL-046,A marketplace for second-hand electronics with verified grading.,E-commerce,Marketplace,General Consumers,80,16,18,17,11,12,12,18,16,120,Low,High,High,High,Moderate,"Amazon, Shopify, Flipkart",High,18,49.4,Balanced risk structure,High CAC pressure from competition | Saturated market — differentiation critical,Build strong niche positioning strategy
VL-047,A product brand selling eco-friendly packaging to small businesses.,E-commerce,Product Sales,Small Businesses,100,16,18,13,11,16,12,18,18,122,Medium,High,High,High,Moderate,"Amazon, Shopify, Flipkart",High,18,50.3,Balanced risk structure,High CAC pressure from competition | Saturated market — differentiation critical | High operational complexity,Build strong niche positioning strategy | Start with lean MVP to minimize burn
VL-048,A subscription beauty box with personalized product recommendations.,E-commerce,Subscription,General Consumers,80,16,18,17,11,12,12,18,14,118,Low,High,High,Moderate,Moderate,"Amazon, Shopify, Flipkart",High,18,48.6,Balanced risk structure,High CAC pressure from competition | Saturated market — differentiation critical,Build strong niche positioning strategy
VL-049,A SaaS tool for ecommerce sellers to automate ad campaigns.,E-commerce,SaaS,General Consumers,80,16,18,20,11,9,12,18,12,116,Low,High,High,Low,Moderate,"Amazon, Shopify, Flipkart",High,18,47.8,Strong scalability potential,High CAC pressure from competition | Saturated market — differentiation critical,Invest in product-led growth & reduce churn | Build strong niche positioning strategy
VL-050,A marketplace connecting global buyers with Indian artisan sellers.,E-commerce,Marketplace,General Consumers,80,16,18,17,11,12,12,18,16,120,Low,High,High,High,Moderate,"Amazon, Shopify, Flipkart",High,18,49.4,Balanced risk structure,High CAC pressure from competition | Saturated market — differentiation critical,Build strong niche positioning strategy
VL-051,An artificial intelligence SaaS platform for automated content generation.,AI,SaaS,Enterprises,100,20,10,20,18,5,20,10,12,115,Low,Low,Manageable,Low,Low,"OpenAI, Anthropic, Cohere",Medium,14,47.4,Highly innovative positioning | Strong scalability potential | High investor interest potential,No major structural weaknesses at early stage,Invest in product-led growth & reduce churn | Leverage innovation narrative for fundraising
VL-052,A machine learning tool for predictive customer churn analysis.,AI,B2B Services,Small Businesses,100,20,10,12,18,13,20,10,14,117,Medium,Low,Manageable,Moderate,Low,"OpenAI, Anthropic, Cohere",Medium,14,48.2,Highly innovative positioning | High investor interest potential,No major structural weaknesses at early stage,Leverage innovation narrative for fundraising
VL-053,A subscription AI writing assistant for enterprise marketing teams.,AI,Subscription,Enterprises,100,20,10,17,18,8,20,10,14,117,Low,Low,Manageable,Moderate,Low,"OpenAI, Anthropic, Cohere",Medium,14,48.2,Highly innovative positioning | High investor interest potential,No major structural weaknesses at early stage,Leverage innovation narrative for fundraising
VL-054,A B2B AI solution providing document intelligence for legal firms.,AI,B2B Services,Small Businesses,100,20,10,12,18,13,20,10,14,117,Medium,Low,Manageable,Moderate,Low,"OpenAI, Anthropic, Cohere",Medium,14,48.2,Highly innovative positioning | High investor interest potential,No major structural weaknesses at early stage,Leverage innovation narrative for fundraising
VL-055,A marketplace for AI models and datasets for data scientists.,AI,Marketplace,Enterprises,100,20,10,17,18,8,20,10,16,119,Low,Low,Manageable,High,Low,"OpenAI, Anthropic, Cohere",Medium,14,49,Highly innovative positioning | High investor interest potential,No major structural weaknesses at early stage,Leverage innovation narrative for fundraising
VL-056,A freemium AI image generation tool with premium API access.,AI,Freemium,Small Businesses,100,20,10,12,18,13,20,10,14,117,Medium,Low,Manageable,Moderate,Low,"OpenAI, Anthropic, Cohere",Medium,14,48.2,Highly innovative positioning | High investor interest potential,No major structural weaknesses at early stage,Leverage innovation narrative for fundraising
VL-057,A SaaS AI platform for automating customer support workflows.,AI,SaaS,Enterprises,100,20,10,20,18,5,20,10,12,115,Low,Low,Manageable,Low,Low,"OpenAI, Anthropic, Cohere",Medium,14,47.4,Highly innovative positioning | Strong scalability potential | High investor interest potential,No major structural weaknesses at early stage,Invest in product-led growth & reduce churn | Leverage innovation narrative for fundraising
VL-058,A product brand offering AI-powered hardware for edge inference.,AI,Product Sales,Small Businesses,100,20,10,13,18,12,20,10,18,121,Low,Low,Manageable,High,Low,"OpenAI, Anthropic, Cohere",Medium,14,49.8,Highly innovative positioning | High investor interest potential,High operational complexity,Leverage innovation narrative for fundraising
VL-059,A subscription AI research assistant for academic institutions.,AI,Subscription,Enterprises,100,20,10,17,18,8,20,10,14,117,Low,Low,Manageable,Moderate,Low,"OpenAI, Anthropic, Cohere",Medium,14,48.2,Highly innovative positioning | High investor interest potential,No major structural weaknesses at early stage,Leverage innovation narrative for fundraising
VL-060,A B2B AI analytics tool for retail demand forecasting.,AI,B2B Services,Small Businesses,100,20,10,12,18,13,20,10,14,117,Medium,Low,Manageable,Moderate,Low,"OpenAI, Anthropic, Cohere",Medium,14,48.2,Highly innovative positioning | High investor interest potential,No major structural weaknesses at early stage,Leverage innovation narrative for fundraising
VL-061,A SaaS platform offering automated security audits for SMBs.,Cybersecurity,SaaS,General Consumers,80,12,10,20,11,5,12,10,12,92,Low,Medium,Manageable,Low,Moderate,No major players identified,Low,10,37.9,Strong scalability potential,No major structural weaknesses at early stage,Invest in product-led growth & reduce churn
VL-062,A subscription service providing real-time data protection monitoring.,Cybersecurity,Subscription,General Consumers,80,12,10,17,11,8,12,10,14,94,Low,Medium,Manageable,Moderate,Moderate,No major players identified,Low,10,38.7,Balanced risk structure,No major structural weaknesses at early stage,Focus on customer validation & traction building
VL-063,A B2B encryption solution for enterprises handling sensitive data.,Cybersecurity,B2B Services,Enterprises,100,12,10,12,11,13,12,10,14,94,Medium,Medium,Manageable,Moderate,Moderate,No major players identified,Low,10,38.7,Balanced risk structure,No major structural weaknesses at early stage,Focus on customer validation & traction building
VL-064,A marketplace connecting ethical hackers with companies for bug bounties.,Cybersecurity,Marketplace,General Consumers,80,12,10,17,11,8,12,10,16,96,Low,Medium,Manageable,High,Moderate,No major players identified,Low,10,39.5,Balanced risk structure,No major structural weaknesses at early stage,Focus on customer validation & traction building
VL-065,A freemium VPN tool with premium enterprise security upgrades.,Cybersecurity,Freemium,General Consumers,80,12,10,12,11,13,12,10,14,94,Medium,Medium,Manageable,Moderate,Moderate,No major players identified,Low,10,38.7,Balanced risk structure,No major structural weaknesses at early stage,Focus on customer validation & traction building
VL-066,A product brand selling hardware security keys for remote teams.,Cybersecurity,Product Sales,General Consumers,80,12,10,13,11,12,12,10,18,98,Low,Medium,Manageable,High,Moderate,No major players identified,Low,10,40.4,Balanced risk structure,High operational complexity,Focus on customer validation & traction building
VL-067,A SaaS threat intelligence platform for financial institutions.,Cybersecurity,SaaS,General Consumers,80,12,10,20,11,5,12,10,12,92,Low,Medium,Manageable,Low,Moderate,No major players identified,Low,10,37.9,Strong scalability potential,No major structural weaknesses at early stage,Invest in product-led growth & reduce churn
VL-068,A subscription cyber awareness training platform for employees.,Cybersecurity,Subscription,General Consumers,80,12,10,17,11,8,12,10,14,94,Low,Medium,Manageable,Moderate,Moderate,No major players identified,Low,10,38.7,Balanced risk structure,No major structural weaknesses at early stage,Focus on customer validation & traction building
VL-069,A B2B identity verification service for digital onboarding.,Cybersecurity,B2B Services,General Consumers,80,12,10,12,11,13,12,10,14,94,Medium,Medium,Manageable,Moderate,Moderate,No major players identified,Low,10,38.7,Balanced risk structure,No major structural weaknesses at early stage,Focus on customer validation & traction building
VL-070,A marketplace for cybersecurity compliance tools and audits.,Cybersecurity,Marketplace,General Consumers,80,12,10,17,11,8,12,10,16,96,Low,Medium,Manageable,High,Moderate,No major players identified,Low,10,39.5,Balanced risk structure,No major structural weaknesses at early stage,Focus on customer validation & traction building
VL-071,A SaaS delivery management platform for last-mile logistics startups.,Logistics,SaaS,General Consumers,80,12,10,20,11,5,12,10,12,92,Low,Medium,Manageable,Low,Moderate,No major players identified,Low,10,37.9,Strong scalability potential,No major structural weaknesses at early stage,Invest in product-led growth & reduce churn
VL-072,A marketplace connecting shippers with independent transport providers.,Logistics,Marketplace,General Consumers,80,12,10,17,11,8,12,10,16,96,Low,Medium,Manageable,High,Moderate,No major players identified,Low,10,39.5,Balanced risk structure,No major structural weaknesses at early stage,Focus on customer validation & traction building
VL-073,A subscription supply chain visibility tool for e-commerce brands.,Logistics,Subscription,General Consumers,80,12,10,17,11,8,12,10,14,94,Low,Medium,Manageable,Moderate,Moderate,No major players identified,Low,10,38.7,Balanced risk structure,No major structural weaknesses at early stage,Focus on customer validation & traction building
VL-074,A B2B service offering warehouse management automation for SMBs.,Logistics,B2B Services,General Consumers,80,12,10,12,11,13,12,10,14,94,Medium,Medium,Manageable,Moderate,Moderate,No major players identified,Low,10,38.7,Balanced risk structure,No major structural weaknesses at early stage,Focus on customer validation & traction building
VL-075,A freemium shipment tracking app with premium analytics upgrades.,Logistics,Freemium,General Consumers,80,12,10,12,11,13,12,10,14,94,Medium,Medium,Manageable,Moderate,Moderate,No major players identified,Low,10,38.7,Balanced risk structure,No major structural weaknesses at early stage,Focus on customer validation & traction building
VL-076,A product brand selling smart IoT sensors for cold-chain logistics.,Logistics,Product Sales,General Consumers,80,12,10,13,11,12,12,10,18,98,Low,Medium,Manageable,High,Moderate,No major players identified,Low,10,40.4,Balanced risk structure,High operational complexity,Focus on customer validation & traction building
VL-077,A marketplace for on-demand logistics capacity for seasonal peaks.,Logistics,Marketplace,General Consumers,80,12,10,17,11,8,12,10,16,96,Low,Medium,Manageable,High,Moderate,No major players identified,Low,10,39.5,Balanced risk structure,No major structural weaknesses at early stage,Focus on customer validation & traction building
VL-078,A SaaS platform for cross-border trade documentation automation.,Logistics,SaaS,General Consumers,80,12,10,20,11,5,12,10,12,92,Low,Medium,Manageable,Low,Moderate,No major players identified,Low,10,37.9,Strong scalability potential,No major structural weaknesses at early stage,Invest in product-led growth & reduce churn
VL-079,A subscription fleet management tool for delivery companies.,Logistics,Subscription,General Consumers,80,12,10,17,11,8,12,10,14,94,Low,Medium,Manageable,Moderate,Moderate,No major players identified,Low,10,38.7,Balanced risk structure,No major structural weaknesses at early stage,Focus on customer validation & traction building
VL-080,A B2B service providing AI-powered route optimization for logistics.,Logistics,B2B Services,General Consumers,80,12,10,12,11,13,12,10,14,94,Medium,Medium,Manageable,Moderate,Moderate,No major players identified,Low,10,38.7,Balanced risk structure,No major structural weaknesses at early stage,Focus on customer validation & traction building
VL-081,A SaaS carbon tracking platform for enterprises to measure emissions.,ClimateTech,SaaS,Enterprises,100,20,10,20,16,5,20,10,12,113,Low,Low,Manageable,Low,Moderate,"Tesla Energy, Climeworks, NextEra Energy",Low,10,46.5,Highly innovative positioning | Strong scalability potential,No major structural weaknesses at early stage,Invest in product-led growth & reduce churn
VL-082,A subscription service offering renewable energy credits for businesses.,ClimateTech,Subscription,General Consumers,80,20,10,17,16,8,20,10,14,115,Low,Low,Manageable,Moderate,Moderate,"Tesla Energy, Climeworks, NextEra Energy",Low,10,47.4,Highly innovative positioning,No major structural weaknesses at early stage,Focus on customer validation & traction building
VL-083,A marketplace connecting sustainability projects with ESG investors.,ClimateTech,Marketplace,General Consumers,80,20,10,17,16,8,20,10,16,117,Low,Low,Manageable,High,Moderate,"Tesla Energy, Climeworks, NextEra Energy",Low,10,48.2,Highly innovative positioning,No major structural weaknesses at early stage,Focus on customer validation & traction building
VL-084,A B2B service providing climate risk assessment for real estate firms.,ClimateTech,B2B Services,General Consumers,80,20,10,12,16,13,20,10,14,115,Medium,Low,Manageable,Moderate,Moderate,"Tesla Energy, Climeworks, NextEra Energy",Low,10,47.4,Highly innovative positioning,No major structural weaknesses at early stage,Focus on customer validation & traction building
VL-085,A freemium app for individuals to track and offset their carbon footprint.,ClimateTech,Freemium,General Consumers,80,20,10,12,16,13,20,10,14,115,Medium,Low,Manageable,Moderate,Moderate,"Tesla Energy, Climeworks, NextEra Energy",Low,10,47.4,Highly innovative positioning,No major structural weaknesses at early stage,Focus on customer validation & traction building
VL-086,A product brand selling solar-powered consumer electronics.,ClimateTech,Product Sales,General Consumers,80,20,10,13,16,12,20,10,18,119,Low,Low,Manageable,High,Moderate,"Tesla Energy, Climeworks, NextEra Energy",Low,10,49,Highly innovative positioning,High operational complexity,Focus on customer validation & traction building
VL-087,A subscription platform for corporate sustainability reporting.,ClimateTech,Subscription,General Consumers,80,20,10,17,16,8,20,10,14,115,Low,Low,Manageable,Moderate,Moderate,"Tesla Energy, Climeworks, NextEra Energy",Low,10,47.4,Highly innovative positioning,No major structural weaknesses at early stage,Focus on customer validation & traction building
VL-088,A marketplace for verified carbon offsets for small businesses.,ClimateTech,Marketplace,Small Businesses,100,20,10,17,16,8,20,10,16,117,Low,Low,Manageable,High,Moderate,"Tesla Energy, Climeworks, NextEra Energy",Low,10,48.2,Highly innovative positioning,No major structural weaknesses at early stage,Focus on customer validation & traction building
VL-089,A SaaS tool for optimizing energy consumption in smart buildings.,ClimateTech,SaaS,General Consumers,80,20,10,20,16,5,20,10,12,113,Low,Low,Manageable,Low,Moderate,"Tesla Energy, Climeworks, NextEra Energy",Low,10,46.5,Highly innovative positioning | Strong scalability potential,No major structural weaknesses at early stage,Invest in product-led growth & reduce churn
VL-090,A B2B climate consulting service for manufacturing enterprises.,ClimateTech,B2B Services,Enterprises,100,20,10,12,16,13,20,10,14,115,Medium,Low,Manageable,Moderate,Moderate,"Tesla Energy, Climeworks, NextEra Energy",Low,10,47.4,Highly innovative positioning,No major structural weaknesses at early stage,Focus on customer validation & traction building
VL-091,A SaaS platform for farmers to monitor crop health using drone imagery.,AgriTech,SaaS,Rural Population,100,12,10,20,11,5,12,10,12,92,Low,Medium,Manageable,Low,Moderate,No major players identified,Low,10,37.9,Strong scalability potential,No major structural weaknesses at early stage,Invest in product-led growth & reduce churn
VL-092,A marketplace connecting farmers directly with urban consumers.,AgriTech,Marketplace,Small Businesses,100,12,10,17,11,8,12,10,16,96,Low,Medium,Manageable,High,Moderate,No major players identified,Low,10,39.5,Balanced risk structure,No major structural weaknesses at early stage,Focus on customer validation & traction building
VL-093,A subscription agritech advisory service for smallholder farmers.,AgriTech,Subscription,Rural Population,100,12,10,17,11,8,12,10,14,94,Low,Medium,Manageable,Moderate,Moderate,No major players identified,Low,10,38.7,Balanced risk structure,No major structural weaknesses at early stage,Focus on customer validation & traction building
VL-094,A B2B service providing precision farming solutions for agriculture enterprises.,AgriTech,B2B Services,Enterprises,100,12,10,12,11,13,12,10,14,94,Medium,Medium,Manageable,Moderate,Moderate,No major players identified,Low,10,38.7,Balanced risk structure,No major structural weaknesses at early stage,Focus on customer validation & traction building
VL-095,A freemium app for rural farmers with premium yield forecasting upgrades.,AgriTech,Freemium,Rural Population,100,12,10,12,11,13,12,10,14,94,Medium,Medium,Manageable,Moderate,Moderate,No major players identified,Low,10,38.7,Balanced risk structure,No major structural weaknesses at early stage,Focus on customer validation & traction building
VL-096,A product brand selling IoT soil sensors for smart farming.,AgriTech,Product Sales,Small Businesses,100,12,10,13,11,12,12,10,18,98,Low,Medium,Manageable,High,Moderate,No major players identified,Low,10,40.4,Balanced risk structure,High operational complexity,Focus on customer validation & traction building
VL-097,A marketplace for buying and selling agricultural commodities digitally.,AgriTech,Marketplace,Rural Population,100,12,10,17,11,8,12,10,16,96,Low,Medium,Manageable,High,Moderate,No major players identified,Low,10,39.5,Balanced risk structure,No major structural weaknesses at early stage,Focus on customer validation & traction building
VL-098,A subscription platform offering AI-driven pest and disease alerts.,AgriTech,Subscription,Small Businesses,100,12,10,17,11,8,12,10,14,94,Low,Medium,Manageable,Moderate,Moderate,No major players identified,Low,10,38.7,Balanced risk structure,No major structural weaknesses at early stage,Focus on customer validation & traction building
VL-099,A SaaS tool for managing farm operations and worker schedules.,AgriTech,SaaS,Rural Population,100,12,10,20,11,5,12,10,12,92,Low,Medium,Manageable,Low,Moderate,No major players identified,Low,10,37.9,Strong scalability potential,No major structural weaknesses at early stage,Invest in product-led growth & reduce churn
VL-100,A B2B agritech service for food processing companies.,AgriTech,B2B Services,Small Businesses,100,12,10,12,11,13,12,10,14,94,Medium,Medium,Manageable,Moderate,Moderate,No major players identified,Low,10,38.7,Balanced risk structure,No major structural weaknesses at early stage,Focus on customer validation & traction building
VL-101,A subscription platform for creators to monetize exclusive content.,Creator Economy,Subscription,Creators,100,12,10,17,11,8,12,10,14,94,Low,Medium,Manageable,Moderate,Moderate,No major players identified,Low,10,38.7,Balanced risk structure,No major structural weaknesses at early stage,Focus on customer validation & traction building
VL-102,A marketplace connecting brands with micro-influencers for campaigns.,Creator Economy,Marketplace,Creators,100,12,10,17,11,8,12,10,16,96,Low,Medium,Manageable,High,Moderate,No major players identified,Low,10,39.5,Balanced risk structure,No major structural weaknesses at early stage,Focus on customer validation & traction building
VL-103,A SaaS tool for creators to manage their content calendar and analytics.,Creator Economy,SaaS,Creators,100,12,10,20,11,5,12,10,12,92,Low,Medium,Manageable,Low,Moderate,No major players identified,Low,10,37.9,Strong scalability potential,No major structural weaknesses at early stage,Invest in product-led growth & reduce churn
VL-104,A freemium platform for influencers with premium audience insight upgrades.,Creator Economy,SaaS,Creators,100,12,10,20,11,5,12,10,12,92,Low,Medium,Manageable,Low,Moderate,No major players identified,Low,10,37.9,Strong scalability potential,No major structural weaknesses at early stage,Invest in product-led growth & reduce churn
VL-105,A B2B service offering white-label content platforms for media companies.,Creator Economy,SaaS,Creators,100,12,10,20,11,5,12,10,12,92,Low,Medium,Manageable,Low,Moderate,No major players identified,Low,10,37.9,Strong scalability potential,No major structural weaknesses at early stage,Invest in product-led growth & reduce churn
VL-106,A product brand selling creator studio equipment bundles.,Creator Economy,Product Sales,Creators,100,12,10,13,11,12,12,10,18,98,Low,Medium,Manageable,High,Moderate,No major players identified,Low,10,40.4,Balanced risk structure,High operational complexity,Focus on customer validation & traction building
VL-107,A marketplace for licensing user-generated content to brands.,Creator Economy,Marketplace,Creators,100,12,10,17,11,8,12,10,16,96,Low,Medium,Manageable,High,Moderate,No major players identified,Low,10,39.5,Balanced risk structure,No major structural weaknesses at early stage,Focus on customer validation & traction building
VL-108,A subscription community platform for niche creator audiences.,Creator Economy,Subscription,Creators,100,12,10,17,11,8,12,10,14,94,Low,Medium,Manageable,Moderate,Moderate,No major players identified,Low,10,38.7,Balanced risk structure,No major structural weaknesses at early stage,Focus on customer validation & traction building
VL-109,A SaaS revenue analytics tool for multi-platform creators.,Creator Economy,SaaS,Creators,100,12,10,20,11,5,12,10,12,92,Low,Medium,Manageable,Low,Moderate,No major players identified,Low,10,37.9,Strong scalability potential,No major structural weaknesses at early stage,Invest in product-led growth & reduce churn
VL-110,A B2B influencer marketing management platform for agencies.,Creator Economy,SaaS,Creators,100,12,10,20,11,5,12,10,12,92,Low,Medium,Manageable,Low,Moderate,No major players identified,Low,10,37.9,Strong scalability potential,No major structural weaknesses at early stage,Invest in product-led growth & reduce churn
VL-111,A subscription game discovery platform for indie gaming enthusiasts.,Gaming,Subscription,Students,100,12,10,17,11,8,12,10,14,94,Low,Medium,Manageable,Moderate,Moderate,"Epic Games, Riot Games, Valve",Low,10,38.7,Balanced risk structure,No major structural weaknesses at early stage,Focus on customer validation & traction building
VL-112,A marketplace for in-game digital assets and skins across titles.,Gaming,Marketplace,Gen Z,100,12,10,17,11,8,12,10,16,96,Low,Medium,Manageable,High,Moderate,"Epic Games, Riot Games, Valve",Low,10,39.5,Balanced risk structure,No major structural weaknesses at early stage,Focus on customer validation & traction building
VL-113,A SaaS gaming analytics platform for game developers.,Gaming,SaaS,Students,100,12,10,20,11,5,12,10,12,92,Low,Medium,Manageable,Low,Moderate,"Epic Games, Riot Games, Valve",Low,10,37.9,Strong scalability potential,No major structural weaknesses at early stage,Invest in product-led growth & reduce churn
VL-114,A freemium esports tournament platform with premium bracket upgrades.,Gaming,SaaS,Gen Z,100,12,10,20,11,5,12,10,12,92,Low,Medium,Manageable,Low,Moderate,"Epic Games, Riot Games, Valve",Low,10,37.9,Strong scalability potential,No major structural weaknesses at early stage,Invest in product-led growth & reduce churn
VL-115,A B2B service providing game localization for global launches.,Gaming,B2B Services,Students,100,12,10,12,11,13,12,10,14,94,Medium,Medium,Manageable,Moderate,Moderate,"Epic Games, Riot Games, Valve",Low,10,38.7,Balanced risk structure,No major structural weaknesses at early stage,Focus on customer validation & traction building
VL-116,A product brand selling ergonomic gaming peripherals.,Gaming,Product Sales,Gen Z,100,12,10,13,11,12,12,10,18,98,Low,Medium,Manageable,High,Moderate,"Epic Games, Riot Games, Valve",Low,10,40.4,Balanced risk structure,High operational complexity,Focus on customer validation & traction building
VL-117,A marketplace connecting game testers with indie game studios.,Gaming,Marketplace,Students,100,12,10,17,11,8,12,10,16,96,Low,Medium,Manageable,High,Moderate,"Epic Games, Riot Games, Valve",Low,10,39.5,Balanced risk structure,No major structural weaknesses at early stage,Focus on customer validation & traction building
VL-118,A subscription cloud gaming service for mobile-first markets.,Gaming,Subscription,Gen Z,100,12,10,17,11,8,12,10,14,94,Low,Medium,Manageable,Moderate,Moderate,"Epic Games, Riot Games, Valve",Low,10,38.7,Balanced risk structure,No major structural weaknesses at early stage,Focus on customer validation & traction building
VL-119,A SaaS tool for managing esports team rosters and performance.,Gaming,SaaS,Students,100,12,10,20,11,5,12,10,12,92,Low,Medium,Manageable,Low,Moderate,"Epic Games, Riot Games, Valve",Low,10,37.9,Strong scalability potential,No major structural weaknesses at early stage,Invest in product-led growth & reduce churn
VL-120,A B2B platform for in-game advertising and brand integrations.,Gaming,SaaS,Gen Z,100,12,10,20,11,5,12,10,12,92,Low,Medium,Manageable,Low,Moderate,"Epic Games, Riot Games, Valve",Low,10,37.9,Strong scalability potential,No major structural weaknesses at early stage,Invest in product-led growth & reduce churn
VL-121,A SaaS platform for managing decentralized NFT marketplace operations.,Web3,Marketplace,General Consumers,80,12,10,17,18,8,20,10,16,111,Low,Medium,Manageable,High,Low,"Ethereum, Solana, Polygon",Low,10,45.7,Highly innovative positioning | High investor interest potential,No major structural weaknesses at early stage,Leverage innovation narrative for fundraising
VL-122,A subscription blockchain analytics tool for crypto portfolio tracking.,Web3,Subscription,General Consumers,80,12,10,17,18,8,20,10,14,109,Low,Medium,Manageable,Moderate,Low,"Ethereum, Solana, Polygon",Low,10,44.9,Highly innovative positioning | High investor interest potential,No major structural weaknesses at early stage,Leverage innovation narrative for fundraising
VL-123,A marketplace for web3 developers and blockchain projects.,Web3,Marketplace,General Consumers,80,12,10,17,18,8,20,10,16,111,Low,Medium,Manageable,High,Low,"Ethereum, Solana, Polygon",Low,10,45.7,Highly innovative positioning | High investor interest potential,No major structural weaknesses at early stage,Leverage innovation narrative for fundraising
VL-124,A B2B service offering smart contract auditing for DeFi protocols.,Web3,B2B Services,General Consumers,80,12,10,12,18,13,20,10,14,109,Medium,Medium,Manageable,Moderate,Low,"Ethereum, Solana, Polygon",Low,10,44.9,Highly innovative positioning | High investor interest potential,No major structural weaknesses at early stage,Leverage innovation narrative for fundraising
VL-125,A freemium crypto wallet app with premium staking features.,Web3,Freemium,General Consumers,80,12,10,12,18,13,20,10,14,109,Medium,Medium,Manageable,Moderate,Low,"Ethereum, Solana, Polygon",Low,10,44.9,Highly innovative positioning | High investor interest potential,No major structural weaknesses at early stage,Leverage innovation narrative for fundraising
VL-126,A product brand selling hardware wallets for digital asset security.,Web3,Product Sales,General Consumers,80,12,10,13,18,12,20,10,18,113,Low,Medium,Manageable,High,Low,"Ethereum, Solana, Polygon",Low,10,46.5,Highly innovative positioning | High investor interest potential,High operational complexity,Leverage innovation narrative for fundraising
VL-127,A marketplace for tokenized real-world assets on blockchain.,Web3,Marketplace,General Consumers,80,12,10,17,18,8,20,10,16,111,Low,Medium,Manageable,High,Low,"Ethereum, Solana, Polygon",Low,10,45.7,Highly innovative positioning | High investor interest potential,No major structural weaknesses at early stage,Leverage innovation narrative for fundraising
VL-128,A subscription decentralized governance platform for DAOs.,Web3,Subscription,General Consumers,80,12,10,17,18,8,20,10,14,109,Low,Medium,Manageable,Moderate,Low,"Ethereum, Solana, Polygon",Low,10,44.9,Highly innovative positioning | High investor interest potential,No major structural weaknesses at early stage,Leverage innovation narrative for fundraising
VL-129,A SaaS tool for Web3 startups to manage token distribution.,Web3,SaaS,General Consumers,80,12,10,20,18,5,20,10,12,107,Low,Medium,Manageable,Low,Low,"Ethereum, Solana, Polygon",Low,10,44.1,Highly innovative positioning | Strong scalability potential | High investor interest potential,No major structural weaknesses at early stage,Invest in product-led growth & reduce churn | Leverage innovation narrative for fundraising
VL-130,A B2B blockchain data indexing service for enterprise applications.,Web3,B2B Services,General Consumers,80,12,10,12,18,13,20,10,14,109,Medium,Medium,Manageable,Moderate,Low,"Ethereum, Solana, Polygon",Low,10,44.9,Highly innovative positioning | High investor interest potential,No major structural weaknesses at early stage,Leverage innovation narrative for fundraising
